ITERATIONS,VM1 Mean Wait,VM1 Wait Interval Width,VM1 Mean Throughput,VM1 Throughput Interval Width,S3 Mean Wait,S3 Wait Interval Width,S3 Mean Throughput,S3 Throughput Interval Width,VM2CPU Mean Wait,VM2CPU Wait Interval Width,VM2CPU Mean Throughput,VM2CPU Throughput Interval Width,VM2Band Mean Wait,VM2Band Wait Interval Width,VM2Band Mean Throughput,VM2Band Throughput Interval Width,System Mean Wait,System Wait Interval Width,System Mean Throughput,System Throughput Interval Width
100.0,0.14461606906823338,0.010707253910633154,5.845300616208256,0.241919940232419,0.12024356709476422,0.005973743300302923,4.0334903593783595,0.19915194853790377,0.19844442143234894,0.0222064859385035,4.109148989889292,0.1869231721489649,0.4184788510497739,0.05201641758618335,1.9648194058324866,0.1285540994090885,0.18439703028678647,0.00917726060309348,6.0852649084145485,0.169086680136977
200.0,0.15851084584472888,0.01693112414930285,6.073069424206928,0.1827343739471488,0.1199967154521259,0.004218286050651759,4.230844118927637,0.17087778543238885,0.19640681148647338,0.012206976747454546,4.391223135105422,0.16369814885885325,0.4489879049380477,0.05787855141211656,2.1177174131932546,0.09297974517967261,0.1956075677684916,0.009598453381350132,6.675855913161636,0.16751300514765938
300.0,0.1616569872869372,0.012234460568714092,6.169671688850755,0.15488358116639458,0.12034962579576365,0.0031340250091002084,4.271275875517941,0.13996581384181467,0.20472014361782803,0.010956051891201819,4.442054279762806,0.13392363415591918,0.4536162514841768,0.05170954751595776,2.155204747936859,0.07726772575931046,0.19935429822984962,0.008557083591550748,6.8269267490021655,0.12676394898290183
400.0,0.1568416250912194,0.008153588922135734,6.182702682510055,0.1236919101020295,0.12002368672341081,0.003089820599916108,4.305446422907272,0.11512324838370123,0.21599974686279794,0.013872905878226953,4.49376192763912,0.12144005788739877,0.4564955689536854,0.057082395467267136,2.2112517000310636,0.07568493289862106,0.20199323623718637,0.009844982523872399,6.9261574557185135,0.10496574187169387
500.0,0.15604842175608344,0.007624416168255896,6.142138042748766,0.1114701372781836,0.11979071550824562,0.0023189092908549864,4.261257819734453,0.10702338888557933,0.20983019947450812,0.010785166662133503,4.4585421424659355,0.10979759410362977,0.4605439417035843,0.039333189043789046,2.2460698432236526,0.06441232876468769,0.20159623987891592,0.0076731792760060475,6.923972496994422,0.10846526767363723
600.0,0.1573602460935178,0.00688067386470208,6.139734530093469,0.10851202949045935,0.11975974264931126,0.0021908825723657424,4.265395307386203,0.09499288727947594,0.212162528359627,0.011223902397568989,4.460954047598784,0.10500982783468772,0.45691018849766146,0.03512937040065605,2.213266375068776,0.06716313424087111,0.2013044250206877,0.0069439734602487506,6.946537296047469,0.11216231710690419
700.0,0.1631155909275645,0.010380364622737927,6.14151785353002,0.09532623461423198,0.11912715899142524,0.0018989958515430838,4.239553111550302,0.08765966920944049,0.2154891096195521,0.01100152056091238,4.4307037072155016,0.0878299673701672,0.4542782759896814,0.03456776852830822,2.201937269099395,0.05785544418256075,0.20401152113100093,0.00753617396301526,6.953051460366093,0.08993204956673023
800.0,0.1593069581952225,0.006987939742919285,6.13435483191711,0.10138292217712846,0.11954481746980232,0.0019133742316514765,4.2379220661824055,0.08690282690025884,0.20854623339366346,0.010817663349555461,4.424577321021851,0.09399937654763224,0.44950712117878,0.027965154474683226,2.195864527751536,0.056892339945045244,0.20007095189684287,0.006487886780767222,6.953200788158104,0.0941271585740375
900.0,0.15812842482107406,0.007148326474034488,6.142549201035141,0.09722415119276366,0.11921121980573766,0.0017957457364790787,4.199421046829261,0.08287696696590048,0.21493219270291333,0.010351558826994053,4.427331402405322,0.07984316321670579,0.46692598909010585,0.03547038351441466,2.1918347327510532,0.04973757810499406,0.2037256167793623,0.006305784234882791,6.949409256879501,0.08173048185481238
1000.0,0.15955232827757085,0.006017016950759493,6.1223370131129125,0.09125999565039751,0.11925890564169844,0.0016054224785028934,4.196988383745011,0.06957901756318312,0.21457641078414136,0.009291185463495506,4.410783978236041,0.0796640316545565,0.46320623613388723,0.03059321476091109,2.1937232747043747,0.0494201686505551,0.20321173769636997,0.00571512793608898,6.951584820343485,0.08542178622639099
1100.0,0.15880406342831047,0.005638088045467046,6.096814131591195,0.08005533813850173,0.11915989810954884,0.0014575810298876207,4.187097696556751,0.07061346475798701,0.21422945553966916,0.00923794072047317,4.3970745247892475,0.07494948566906467,0.4417988383935923,0.026296353554251743,2.1838278576133123,0.048078219707667624,0.20036228006736576,0.005282947488069608,6.935206089594222,0.0749427269367851
1200.0,0.1595956481431699,0.0062799759666270815,6.095679768725734,0.08832868774599273,0.11960596567025084,0.0012107612006850151,4.165178437080063,0.07567985703511892,0.21922205166851202,0.009438997002782125,4.391692938538601,0.0697648421947047,0.4522783723709029,0.02704967718406471,2.180915281779878,0.04406133963560081,0.203280728529763,0.005371178114144018,6.928689098791289,0.07517998848782752
1300.0,0.15777130350708649,0.005519761525733392,6.1021816483595686,0.07953414712723207,0.11926769572148051,0.0012526058099407164,4.178145798455686,0.06842622369770533,0.22385548383058346,0.00889870744447918,4.404732522677871,0.06967590506370178,0.46942027470194075,0.027429254731614658,2.1839883444483434,0.04387351204399765,0.20591930480183404,0.0053703559529478875,6.941245078547797,0.0776562316112869
1400.0,0.15781971293401123,0.004896165205740611,6.106396905373619,0.07242127969001166,0.11952404853292375,0.0012398450704365087,4.170766055920037,0.06173945371094988,0.21779537647170163,0.00852783640969479,4.391068382431668,0.06316299732428371,0.4421019786523017,0.021641020120202383,2.1903260154419244,0.04022485506837678,0.20110473045163543,0.004546530789794541,6.942053615138738,0.06557095920183233
1500.0,0.15944984186349362,0.00582910974005891,6.127629334748756,0.0732907059520535,0.12025274146628023,0.0012871373492942778,4.1739673070259755,0.057293843780518106,0.22117019631865364,0.008375166317013178,4.416200383636324,0.061152003553210287,0.4439888495715099,0.02141729470125478,2.1970166376876525,0.038247986305118435,0.20296892902446098,0.004288584726693084,6.963628387785986,0.06187128532603249
1600.0,0.16021958487016483,0.004897408439967485,6.134015578292815,0.0719410100376355,0.12018835479948338,0.0013025526077019055,4.167441993933767,0.06009132595874338,0.2218533015710763,0.008146061409584637,4.411650025039995,0.06376145341962919,0.4520583262008947,0.02154430066935426,2.1972373295249508,0.03914559699627317,0.204442342409188,0.004228908688195237,6.959131763048028,0.06507923714747978
1700.0,0.15946960282904687,0.005262035160207652,6.140108911170208,0.07388085131103649,0.12012703549775165,0.0012499699950813258,4.160927193639219,0.06016024018438483,0.22409791780905727,0.00838117052196268,4.411311438657579,0.0639364909353941,0.4531642538966893,0.020501909763226068,2.2037538808900243,0.037518322815895004,0.2049770635815584,0.004591256629793373,6.966091258872378,0.06436011984946495
1800.0,0.1580407534889174,0.004759183008791162,6.137918354153598,0.0669602656466246,0.12019574246616252,0.0012370198111111748,4.162931015962675,0.05515284333965867,0.22188704806527748,0.00764433892051721,4.406998324488669,0.05792872209571458,0.4532997831124812,0.021860072922517355,2.1932089815467655,0.0352761367048763,0.20386136768620017,0.004204534331800346,6.961005604992402,0.059797651490827546
1900.0,0.15895270378289086,0.00428792561147939,6.137704266291694,0.06020223223495729,0.11996338133750847,0.0011978914646683873,4.171923431347541,0.05067623140531399,0.2248533419981808,0.007648074362771695,4.415573881399094,0.05574009576134899,0.44928248827203066,0.01842719915263905,2.1948101600859515,0.03414447733600173,0.20437887759023055,0.003946924875786928,6.964624925697154,0.05909942067555601
2000.0,0.1581862981076618,0.004169363060881706,6.147404396592034,0.06494429865707975,0.11983591314389958,0.0010852956313266123,4.182389294113544,0.052970675713348916,0.221386307391782,0.006840507175869801,4.418301418009591,0.04963995921180155,0.4508505735836394,0.016892205249022393,2.204381275866366,0.03278026175857714,0.20333398074639303,0.0035204125815427043,6.976223020244522,0.05592325900194917
2100.0,0.16107236086863613,0.0042578108212183025,6.157765494049256,0.058100818117903553,0.11977239826512107,0.0010888546988146578,4.191837887837777,0.050851695465537576,0.21866294899887498,0.00580266251224196,4.430793252999571,0.054166019510769686,0.4589003542212846,0.018386652136283516,2.2040509064541993,0.03384833565721421,0.20470981010206293,0.0037496112305171743,6.984311586894468,0.057067072082448204
2200.0,0.1608267636814794,0.004768724589089594,6.149848103217799,0.057479148123897206,0.11993944181607641,0.0010488326420823638,4.192545942679478,0.0504281142995764,0.22400657590356643,0.006910418373313741,4.436378905535126,0.051969086068172556,0.4509288899981979,0.018099281768448338,2.203844502519964,0.02973506568484069,0.2050008578761726,0.003909060606042041,6.9888497059952295,0.05336586766192652
2300.0,0.15811672609954516,0.004156528898693382,6.157767355193581,0.05824818529974898,0.12000837664186328,0.0010083669250221792,4.190364859513504,0.05170238828423134,0.22300825747647662,0.005339219008657619,4.4300957490632165,0.049177237663394636,0.44218879534052186,0.016199541628133432,2.1978823292451963,0.028653175835611028,0.20243127971120736,0.0030857100764555005,6.987448052488905,0.05166935600225461
2400.0,0.1624401817301008,0.004584420072367878,6.16111495185562,0.06056488199025869,0.11973605567508246,0.0011241826938739763,4.191551228612188,0.049360489134742405,0.2210899491333739,0.006451805911205036,4.430429094857235,0.05003931867566147,0.43810847636989375,0.016054446123219147,2.206362625297287,0.030155093863516395,0.2031420859721556,0.0036770912989034575,6.997418012153457,0.05235767090205092
2500.0,0.16094987784522985,0.004128646029737386,6.1650642677863585,0.06149406942277226,0.11958360861726386,0.0010675195677504856,4.190458368593265,0.04486572271219196,0.2207750608297056,0.005650681668029989,4.435154112647959,0.04727281266627624,0.4414468208977518,0.015415287935960384,2.2100434333947603,0.028617796842102652,0.20285225853618116,0.0032919019766879743,6.997794991947313,0.05303682286059951
2600.0,0.1606057408351143,0.004274265090108291,6.1543826115314815,0.05644406880513788,0.11948360266173663,0.0011580472061608817,4.184584496422396,0.049538292418599326,0.22148009144905362,0.005850752093615342,4.432603473778376,0.048368086058295436,0.44149454704777197,0.014356180937939137,2.2091701064645224,0.030980643605779814,0.20290121848390713,0.0030056921702093175,6.994656555478858,0.05112881727337886
2700.0,0.16120454267110515,0.004046471473388699,6.149956767494028,0.054290556361590636,0.119556106720947,9.435340044498146E-4,4.1819600961456525,0.041941528270842715,0.2218867593042028,0.005275405036832581,4.436898181098364,0.04033061876165719,0.4444609145892591,0.015334159453780933,2.2091237649086466,0.02699288548934724,0.20366047905241869,0.0030665625157587986,6.997561530670595,0.04711599782631065
2800.0,0.16114130594425324,0.0034912995555141184,6.148831737440941,0.05382545996590988,0.11969524904806317,9.702466655956552E-4,4.185633986399851,0.046689508138604084,0.2254766965046297,0.005753633433729353,4.434781090639525,0.04717685216458194,0.4442540052531414,0.016458775139107484,2.204164607042825,0.02874364797039888,0.20460900878549898,0.0030363725267825315,6.996323766061939,0.04892964184372231
2900.0,0.16113121872959146,0.0037121530971840552,6.157197551481833,0.05299160082910561,0.11964190435744684,0.0010618222201620548,4.1899434664372,0.04400801002660057,0.22250940379748704,0.0057641135079792155,4.433062479973065,0.046438882720472544,0.4419020470148143,0.014654174374975716,2.202190674082658,0.02863596993768264,0.20332656373656505,0.003090467276786291,6.997889548050656,0.04518029192186621
3000.0,0.16201016698526652,0.003761844351067745,6.152776720670493,0.05660904289599419,0.11975925360194638,9.904659040583536E-4,4.184821137010871,0.0437248633736179,0.22329286353220953,0.005389478620521329,4.428470481255184,0.040995221109062716,0.4481993121886838,0.014177397553342774,2.202383369281467,0.025854934464235695,0.20476446918007352,0.00266439199201593,6.995380046980554,0.04530768460413132
3100.0,0.1619571632436184,0.0035109110041813773,6.155316902875407,0.05245240720278941,0.1197409150350587,9.449035684358553E-4,4.189484446973818,0.04246282941524608,0.224202397309806,0.004664750970065955,4.434874388842127,0.04306668458122926,0.4511304250822214,0.015394577759752606,2.2045910971839957,0.02728923530970501,0.20535672369773103,0.0030044924817516144,6.997293994503642,0.04906580248476736
3200.0,0.16094768187201758,0.003174746211076438,6.155867106294904,0.050397193463487464,0.11995881839106909,9.897420795412708E-4,4.184714486124002,0.037938546626629724,0.2236912296475011,0.005818090754154882,4.4326336046679335,0.04165338710512933,0.4481116034501104,0.014579243957789138,2.205800099389414,0.02714614338491319,0.20456874614317058,0.002785525814984672,6.99454534574256,0.04494050508399528
3300.0,0.16155875096112332,0.004018483673898648,6.156144117150818,0.04785216986986918,0.12008223643924132,9.457427978223134E-4,4.181857960895437,0.038876204002726386,0.22749547115491217,0.005944373540570384,4.434561732918166,0.03954981177092868,0.44867339267774253,0.014015799420670605,2.207393325684392,0.024874424133913532,0.20587974947335533,0.0030982573305727065,6.9970592581723885,0.04289230527689503
3400.0,0.16242482006253248,0.0035364300035390533,6.153787715154571,0.044658360123657474,0.12008950188755059,9.431964654640477E-4,4.179750076759021,0.03878749924475945,0.22461469755073504,0.005695341431189064,4.440492932732956,0.0396652420584194,0.4490217824594328,0.013668071339999097,2.2126086538615497,0.026149497012652363,0.205587967290296,0.0028382385079500807,6.998623018680255,0.0413122863681666
3500.0,0.1618120215145526,0.0036345001598920494,6.154355573763507,0.04807992537012743,0.12007809224683873,9.310740969972219E-4,4.176378925024976,0.03922518448593233,0.22416818832520014,0.006170490686338392,4.434984747732277,0.03742671857959568,0.4469085262671993,0.014880862196166132,2.209944974195453,0.02468719313629033,0.20503696509156102,0.003251031510036763,6.995668811551969,0.04319280918258444
3600.0,0.1622505331944123,0.0033361713957577683,6.147529211540803,0.045306974589067746,0.12010870153781364,8.708745443718921E-4,4.172545698691383,0.03731704921808846,0.22533222264365543,0.0055511227294874795,4.4304001933507235,0.040524346774727785,0.44930918328727953,0.014772095304567905,2.207475677616002,0.028289814631773408,0.2058510797708814,0.002985740447459901,6.989110913166664,0.04177048644098358
3700.0,0.16370979027828397,0.0037288430936120508,6.145096716639147,0.046870215405306094,0.12017995841735224,8.54290326384703E-4,4.17370311633564,0.03677607089705815,0.22574281212511238,0.00554383929531805,4.434173939960086,0.036491228308105424,0.4532991300296407,0.014760244118222245,2.208809754932689,0.02283569270823431,0.20698534014663514,0.003062002835449839,6.994054411418756,0.0420645164196092
3800.0,0.16308589171648488,0.0034303300547509157,6.136682286530294,0.04814393793542074,0.12010868212021691,8.485703294575692E-4,4.1693122113781556,0.03732731953282489,0.2234174188566955,0.005882198582138636,4.424687168470665,0.04337709208119817,0.45262146550214427,0.013803199581087642,2.2049721156139523,0.026803143483931764,0.2060000152209788,0.0033061334898413053,6.983165860289951,0.04279800797924478
3900.0,0.16221532634767896,0.003323000528754282,6.1381923775534455,0.050674538478234166,0.11994781540940627,8.463038217209165E-4,4.169030396853122,0.03773908240467466,0.22262064919919528,0.00510674842500925,4.425870012551581,0.03877522897855652,0.44426753979152594,0.012306101530732753,2.2024245887854246,0.024156798165309478,0.20433703287790195,0.0025585866253332976,6.987726651758238,0.042522975088244944
4000.0,0.162295560570268,0.0033192827725993285,6.143673616846228,0.047658799953427304,0.11998867172015738,8.640806782265145E-4,4.172652605240603,0.03756657012497356,0.22495078812718847,0.005525069202562803,4.433521644574184,0.041991696626983335,0.4561151137112665,0.013509040017561058,2.203612031301488,0.02588825390619506,0.20656729319620698,0.002977596757208958,6.992031525912743,0.04357231398368589
4100.0,0.1636055983618992,0.0034166360943689686,6.147410633857772,0.04788940658482534,0.11983910542157367,9.069581584685917E-4,4.173772596620992,0.03892915550337485,0.22365999989316873,0.005118386399772125,4.432209847547988,0.036839522282073045,0.4534681647313891,0.014986830003183627,2.2033604524137362,0.024053180619510835,0.20629787042974498,0.0029770964088327062,6.990990129171362,0.040226725810663104
4200.0,0.1623204040433303,0.0028098462946986973,6.145964089923779,0.04456091472536639,0.11999017557230311,8.697886769116011E-4,4.175138977634683,0.03790329953797506,0.22479748656362858,0.005420840952593448,4.428459886565541,0.03591783094913658,0.45027742756921224,0.013073078229481084,2.203584883649291,0.02381352802788346,0.20570787109608726,0.0027355706329450775,6.98963985536912,0.04020730008907339
4300.0,0.1633488325983938,0.003435443132483275,6.148005388111497,0.045626135257953976,0.11994048453258532,8.646858972457941E-4,4.178179562878136,0.03631642981094058,0.22581757684872517,0.005708333070713799,4.432936000679577,0.03865332035168554,0.44896490379918114,0.012628686797635858,2.20632799849387,0.024257646385336826,0.2061503063430372,0.0027946051884829475,6.992062774333407,0.04171415551307973
4400.0,0.1626109010002698,0.0033660682163246026,6.142573300226221,0.041361831937859715,0.11995792298341514,8.560103546354528E-4,4.175992214606942,0.035272172885254825,0.22552487884970635,0.005439825089821626,4.4327013734567355,0.037677485157772105,0.45140748468756453,0.012781272762697325,2.2083586537008646,0.024994432223420814,0.20622748428218943,0.002702399709794861,6.988444404205927,0.03922922831470997
4500.0,0.16388690832332117,0.0032382036648049887,6.148978783664942,0.044179785246963865,0.12005154630629496,8.474403125084148E-4,4.179326007689701,0.03773319123481679,0.225705411310108,0.0055400536343103365,4.435843773842379,0.03767037594076746,0.4483819111360821,0.012190315268279224,2.2087261912389065,0.024313406142379174,0.20632652902551335,0.002803009765809827,6.994335196964286,0.041532919790690896
4600.0,0.162616069454769,0.003109228138207736,6.142366809262611,0.043727428094794615,0.12002076036020523,8.582820387830764E-4,4.173485187385012,0.03442068602901669,0.22359370000934384,0.005714662603482293,4.427295084645301,0.035243774838619804,0.44858653013869465,0.013721745442225266,2.2031838645240525,0.022679281464954057,0.20532134667676116,0.002776177584488436,6.985260903880913,0.038782454919411256
4700.0,0.16233076530465293,0.002825485316998499,6.144780816277806,0.04302876945930663,0.12003786008836335,8.789114544393943E-4,4.1742969331545785,0.03432651305874856,0.2242283413065794,0.005094503812786167,4.4320317275546435,0.036008128159710585,0.4449020966994258,0.012080290115866137,2.207726172536551,0.02309365976330068,0.20499488371143917,0.0025911276308967163,6.989936305697985,0.03930914710229788
4800.0,0.1627168454048004,0.003018512411659183,6.146421091614955,0.0424247687100013,0.12006547912472258,8.615794166795768E-4,4.173807138136475,0.03412915160842108,0.2259536756326288,0.004981878531315671,4.434128049095163,0.03491362621635936,0.44682988462539924,0.010991951751112852,2.209826250396761,0.02351520962606537,0.20579167334044193,0.0024238999882801662,6.991871070850622,0.03924966513798482
4900.0,0.16298269372155372,0.0030959054681016724,6.146441042283423,0.041973086236703934,0.12007276596006833,7.752521164572355E-4,4.175121317517503,0.03588011780623529,0.225400995538406,0.005669820595844263,4.430508863973319,0.035510569452377065,0.4520815216234442,0.013581993280850097,2.207904419106424,0.022426716820423586,0.20643272373222077,0.002947742483372063,6.990456137811845,0.03845581345550244
5000.0,0.16262303408632756,0.0030062589179285005,6.145435804443947,0.041319996004140644,0.12007213293345817,7.703022889211367E-4,4.167252484750749,0.03390883509066149,0.22675085398271713,0.0052755142277880265,4.428749194938993,0.03665681881255202,0.4473163031039223,0.010784853859558512,2.2070005325963162,0.02272646853599488,0.20602628776048063,0.002361525950330294,6.987821379122659,0.03971322369822926
5100.0,0.16273457444983677,0.0030181316314156262,6.1416901922756795,0.04194811204474939,0.1200259800547856,7.715973456920215E-4,4.166598779016745,0.03419321735951014,0.22378183481702968,0.004735505669083024,4.43043464714991,0.03231958239698027,0.44938302504672456,0.010245824508276071,2.2070176213841246,0.02051512102969814,0.20558070932090156,0.0022125088404772544,6.98703602784679,0.03660599354852272
5200.0,0.16217924630626118,0.002803515482299196,6.1424105343925035,0.03934625310654922,0.1199715725116859,8.288583292652406E-4,4.168101298900005,0.033419584956191586,0.22575392047338227,0.004541171981387257,4.430400276192174,0.03298230914434495,0.4523993260208944,0.01131949685028701,2.206208584179797,0.02072682349681849,0.20627724870167957,0.0023197777140142057,6.984314861479147,0.036648049780189026
5300.0,0.1625787363874093,0.002549496256423301,6.144498546719431,0.040184940295812745,0.11993568865193595,7.762498759634468E-4,4.16938360634503,0.033385001749147956,0.22203531620444233,0.004810902333738658,4.430354941633255,0.03191529709727885,0.4503282644014724,0.012157706503081319,2.2086955784455102,0.021798922723301348,0.20519604723946572,0.0025727882499258265,6.986217286333144,0.036666680617183936
5400.0,0.16280120762250863,0.002430704308074525,6.139451755584523,0.03746561336503723,0.1199852985465649,7.541193918307418E-4,4.168302850446572,0.030244051080970044,0.2236510220643086,0.004479805112112436,4.426804315632968,0.03407639182941245,0.45270904592342526,0.011980800465990515,2.208156490128894,0.021863641170078767,0.2060149894957875,0.0024710337315358307,6.983564505545352,0.03411863942255971
5500.0,0.16386894448276854,0.0024592738754161485,6.144328689977936,0.03814162363038849,0.11994900970671328,6.957387782288403E-4,4.170841306282688,0.03314188522048214,0.22392658210008318,0.004219983895633722,4.428462342247401,0.029577441240397104,0.4527421554200836,0.011423466963918282,2.206672388608962,0.020068989332200707,0.20638572132265898,0.002187432132659544,6.987913127622295,0.033422651867256625
5600.0,0.16209773650843906,0.0024807627825628262,6.145006180435757,0.03881731234276808,0.11991612856242159,7.432824366203478E-4,4.1713142175175335,0.031915590081864634,0.22677982937999386,0.0043515438241333165,4.4286347363093785,0.030489105435840422,0.44885697483852777,0.011389418030255546,2.205863518620173,0.02008841993340293,0.20598048645375408,0.002147477035299992,6.989948086158501,0.03434228056854969
5700.0,0.1633268185315655,0.002398292756608504,6.1476632241505635,0.03791669460170498,0.11993040799474923,6.863112236563709E-4,4.1716522178601805,0.031692383632006785,0.22440812992977893,0.004306403646554722,4.430533357291424,0.030923845355925666,0.4499561238269704,0.011086240364644919,2.2068661496897795,0.02125382141519648,0.2059738118661705,0.0021400126717182125,6.991099838711894,0.03495500411081622
5800.0,0.16387135430869024,0.0028103067781777755,6.15117072195217,0.03812569120687379,0.11994913593681117,6.580464453215018E-4,4.171130506232745,0.030642215207238737,0.22480419338128882,0.004054715422655845,4.42818147652419,0.032286602127567635,0.44760162761310085,0.010997349168876833,2.2082277563979846,0.02050939914376418,0.20598291582221162,0.002323233611465858,6.992914601865968,0.03545702712334897
5900.0,0.16493870294687304,0.0028577630884358616,6.153709002086715,0.038287373560111096,0.11996560451175502,7.333071948628365E-4,4.172683548327092,0.030612786301745368,0.22352740686546613,0.004409942160677008,4.434553809434281,0.03352744044528253,0.45228893697504163,0.010155382822749122,2.210511250535261,0.021473720736987036,0.2066632813152459,0.002190843129151574,6.998556370749363,0.03731131615784851
6000.0,0.16402478818233926,0.0026169581086492406,6.151837686064673,0.04018294890951763,0.11996727806257028,6.783096210339334E-4,4.170287233385076,0.03253157266955075,0.22515395645599925,0.004369948061867375,4.4316515134833985,0.030423204259422652,0.45528478632845487,0.012195717602184433,2.2106377177845618,0.021142222009632648,0.20720008779658383,0.002292101031882907,6.995146279273669,0.03598481874851791
6100.0,0.16440393065361128,0.0026689971835963727,6.153126989037946,0.0370164747201228,0.11994526564527128,6.408971947554181E-4,4.167351039201355,0.02997479881508325,0.22544845028668092,0.0038976826606749258,4.431475704759091,0.029581786608818515,0.4516055123779133,0.010770771074174887,2.2111835309013332,0.020044575289895065,0.20689983485235253,0.0021495023219456483,6.996370237574073,0.0347149494929553
6200.0,0.1654262430035755,0.002611194459457216,6.152658410488024,0.034463055689430096,0.11991679449012993,6.722553858414324E-4,4.169849459029805,0.031117416600467476,0.22583181878076114,0.004133212410727667,4.427471844267171,0.029962297882989444,0.4519586796055017,0.010460746014292524,2.2089822517089472,0.02093595974694487,0.20736950673160925,0.002148100276639673,6.994162272201177,0.032389635389647786
6300.0,0.1636013563590141,0.002426737120413202,6.153424981650312,0.03734503775634346,0.11996576880508061,6.529308036510908E-4,4.169095587605083,0.03073857872549316,0.22422452319403413,0.004146466287864931,4.424849065739819,0.030986386781468405,0.44617178318042255,0.010427767581031666,2.209783677143249,0.019172149734609435,0.20554667334644605,0.00206080197330739,6.994644899638591,0.03436396057659752
6400.0,0.16455566970206842,0.0027765452709560138,6.1524319845293,0.03417463552201461,0.12006314257436451,6.990789883833416E-4,4.17113701643802,0.030794568242617473,0.22509513068826786,0.003991198551110206,4.426322283603652,0.03175196477807516,0.45521867053238535,0.011066355969500332,2.2094579154884815,0.019991153728370844,0.2073365547722558,0.0021168272511937637,6.994821832688056,0.033084325127515676
6500.0,0.16290647401098446,0.0025999137172496678,6.148763541434372,0.03700879481229727,0.12009041010005289,6.347873761534851E-4,4.168974683051882,0.03025992840028007,0.22417201263630726,0.004529981950856237,4.421861603181569,0.029138150246222884,0.4520286966146855,0.010769924983306579,2.206264934053426,0.01960916572957424,0.20607104397803108,0.002291181547981761,6.991722210542093,0.0327044001925121
6600.0,0.1645476757810164,0.0025390165851469195,6.144102187736995,0.03658944623390104,0.12010761266916632,6.29833267809285E-4,4.167719326229957,0.02844441965643169,0.22479548830706506,0.004196058446167194,4.423344975956878,0.02849043737728536,0.45107938855313473,0.010322589955402842,2.208416845322603,0.017992194896308926,0.20676566214628586,0.001965694885179579,6.990904313418833,0.030056895969305997
6700.0,0.16328026043598887,0.0023842562001626867,6.141943901591166,0.03616848210954172,0.12006487468680734,6.039029321384581E-4,4.166902433672526,0.029189501426351933,0.22403758946224772,0.003902621701592562,4.421242657852818,0.029121289397522118,0.45268382599335566,0.009937829361370136,2.206013664345973,0.02017470424614418,0.20627358716375443,0.0020681890961747173,6.9875526565906245,0.03238379416729059
6800.0,0.1625544979293767,0.00231172301284951,6.142262194100384,0.035002956714285556,0.12007778591408996,6.640525001409268E-4,4.166888368937794,0.0280040338338341,0.2256947632423566,0.0036356008865872963,4.4231212905490285,0.02678056240720702,0.44857285232801036,0.010877995240624196,2.2068644630104557,0.01881574361592704,0.20593039326089352,0.002037735314225724,6.989313562168128,0.030907292761716193
6900.0,0.16313353410863826,0.0023749835709219063,6.143846054380771,0.03673246703698433,0.12010706115620544,6.837798594402855E-4,4.170124848236832,0.030172398477794463,0.22350768413650357,0.0037232350392367225,4.425960677747407,0.028513029414022457,0.45245029827977584,0.010988261525545263,2.2062043268460787,0.019208380970125886,0.20607891636351286,0.0022148929789187204,6.989006814940733,0.03234556007375096
7000.0,0.1633841236207874,0.002287799965347577,6.141961883978842,0.035507943449485505,0.12006573889067058,6.749658668694415E-4,4.17238585879237,0.028972703626684655,0.22506709521015458,0.004052164673622037,4.425705402515766,0.029312764119394853,0.4489919868319655,0.009864160345859819,2.2076207657336973,0.019961136862857304,0.20607932170021037,0.0020815580095822515,6.989732946593632,0.03410496867566675
7100.0,0.1627772368579543,0.002227348199952353,6.142136691683282,0.037895962742532936,0.1200035635072159,6.524333798445006E-4,4.1745174037339945,0.030968630499363076,0.2267381569402824,0.003973896588926827,4.430335222850008,0.029703131978099477,0.45415353403530334,0.010753291805632295,2.2087275853678894,0.019471565960848595,0.20695156944857182,0.0020374927381429943,6.990693080438801,0.03338414842190751
7200.0,0.1627283693575176,0.002570837020708038,6.14144350943895,0.03594806804410482,0.12003069138529728,6.195110459083539E-4,4.176885062457075,0.02817547895498684,0.2269966517913269,0.004232268505925031,4.431151039631698,0.029151114403642,0.4545634950151872,0.011242797950869538,2.2112599199909355,0.01970810380310348,0.2071199317018061,0.002257820981182014,6.993023803632225,0.031620066039071984
7300.0,0.16193018442839163,0.00235502717987792,6.142409041938981,0.03365572431642511,0.12005189537745635,6.343660110988946E-4,4.1772089051852745,0.028841105510472267,0.22569751097466922,0.004120491965614015,4.431028262418639,0.028809618596218833,0.44996268289318125,0.009918666207641329,2.2104586633735566,0.01926214226767644,0.20588540907190428,0.002165593365447226,6.993441638171878,0.032413980472064466
7400.0,0.16158853268829848,0.0024010755201997872,6.139797908036182,0.035151474279287706,0.12004401135355343,6.537792571071699E-4,4.174363974835835,0.029158382034442605,0.22377806897903416,0.003780185164672401,4.429652672477238,0.028133707295632124,0.45275591564477663,0.009447000550659349,2.2099230214039953,0.01849770051184958,0.20561298100240363,0.0018867042331179309,6.99241835753282,0.03007097977259026
7500.0,0.16254095501969648,0.0022383512237078742,6.140726053892159,0.03188663177204677,0.11994705926170776,6.381663927994408E-4,4.1754765260437114,0.027299155921276085,0.22566347502003942,0.003526986113951771,4.431139398478832,0.027641555354767464,0.44999620672346397,0.01028496602442478,2.2105759242346408,0.017381660786879506,0.20608194979115024,0.0017345777142806233,6.992758928567017,0.027682658210053668
7600.0,0.16211835649555403,0.0022613684821304026,6.14318255331779,0.03201573477139795,0.11988779737495879,6.467598152672384E-4,4.178757110811504,0.028411361602349534,0.22457121612318037,0.004004044803919201,4.431530145623137,0.027865231793962837,0.45127781052867766,0.010000248718048372,2.2111795426293326,0.019210947839118513,0.20577930746131673,0.0021394267042112148,6.993831048852679,0.03007450106371137
7700.0,0.1633514317402187,0.002556194926429306,6.146296543785348,0.03391644017496437,0.11994210566873417,6.874611767494871E-4,4.178017996058139,0.028335955558177108,0.22610267269026338,0.0035984772552669713,4.434732924234852,0.027838812345354534,0.45642024891063404,0.00982413211993274,2.2125426676482403,0.017843921786667452,0.20730389979426317,0.0019330647862826152,6.995560578228924,0.028765573355710786
7800.0,0.16239048382886045,0.0024153865883916885,6.147999340354437,0.030711593192010896,0.11994598297176992,6.855084353669414E-4,4.177190987213986,0.02650389625693132,0.2262735322518105,0.0037172029467979735,4.432483129050218,0.027085111992255814,0.4523720417726189,0.010576480487309001,2.2109148439203716,0.017224880457605903,0.20644621152629752,0.0020377136156968997,6.996859189145191,0.028125337709270587
7900.0,0.16340600649535167,0.002423534466953499,6.151475086398667,0.03219833668104891,0.119913725519236,6.313871209786124E-4,4.17887438495634,0.02722180998742107,0.22431167700247623,0.0033659376286252493,4.432858963827395,0.025863923247137457,0.4502119779423499,0.009363370644808949,2.2125027580967407,0.017638268056696244,0.20605912344877458,0.0018846778751557916,6.999479864673036,0.02805059703977798
8000.0,0.1621114799827803,0.002102257474821849,6.15267944572552,0.03169350161395328,0.1199583701802975,6.386050260398291E-4,4.179826204045082,0.026934641865095473,0.22487418721556152,0.003476935223147867,4.431619570027626,0.027537259248608156,0.4529717384487405,0.010926064133173746,2.2102949245636827,0.01888842026164907,0.20608184080058572,0.002019192395106226,6.998061754723649,0.027140936307078044
8100.0,0.16308897505939557,0.0022686641022776916,6.149209351117516,0.03423425641153884,0.1200480533145465,6.856598984263069E-4,4.178054250146697,0.025690349209529863,0.2247102267608058,0.0037025928120032626,4.431659517170559,0.02908692252319052,0.45467325196269237,0.010111383466074719,2.212036387128731,0.020103778396552256,0.20666145205066583,0.001954878994937191,6.998147748452033,0.030929412911914776
8200.0,0.1628913071581928,0.002160024061380313,6.150329014672144,0.03163885052944649,0.12005999984036259,6.684440335152594E-4,4.179722033020162,0.02396100856320805,0.2258215452412068,0.003921767717198938,4.433838854811809,0.02670612249405264,0.45160822557597285,0.009209751386757802,2.2124981345327073,0.017010593575580955,0.20645764091519775,0.001825154190182351,7.000660665046888,0.027638421442332885
8300.0,0.16405866996140553,0.002082972792254941,6.151850649884992,0.03248137147796105,0.12004327621612718,6.440501232103531E-4,4.183250757748245,0.02764832442169181,0.2249722915215164,0.0035316961703104294,4.433778050537282,0.027559684342173332,0.45548495953508195,0.009753247660237042,2.2111131347213617,0.018123535075426984,0.20712500947022086,0.00179439627838384,7.0015994339825,0.028718456766713165
8400.0,0.16254600115799495,0.0019051718871733346,6.149674106923173,0.0336965837087837,0.11996954071671508,6.486615652607815E-4,4.182827528321679,0.025990767303866593,0.22518545793810205,0.003943037663272089,4.432843918970208,0.025621484098690587,0.4503958758768356,0.008766664169411159,2.209599374266036,0.01871701941144232,0.20592646310737533,0.0018419597144541018,6.998941146545226,0.027981836367411042
8500.0,0.16423716109205067,0.002206069255108538,6.150987981200092,0.032575625852889346,0.1199620001822209,6.147776222655766E-4,4.184226723101528,0.02639025707862928,0.2267783935996258,0.003697503611393465,4.433884379358061,0.02461201112455482,0.45502773059869184,0.00877967833562821,2.2105334166031065,0.016446645585773023,0.20754690783859198,0.0018219929906730878,7.001237373765853,0.028538559797570633
8600.0,0.16354610204311965,0.002145645115432222,6.153431728199269,0.03348475699261417,0.11995093103026994,6.342761630091258E-4,4.184075849673646,0.024401328910666455,0.22731844706234763,0.003490523782102066,4.435492109060621,0.024042155355601436,0.449242405363435,0.008380160852834443,2.2111843751529183,0.016636666734243983,0.20669469942031848,0.0015930525715916587,7.003896706680869,0.028117540012538456
8700.0,0.16361866083570978,0.0019646976872720184,6.152489066942959,0.031450381181682516,0.11996359742562795,6.003520067375999E-4,4.1851090421585795,0.025835215808431417,0.2271981209778914,0.0037132016706993218,4.436728347939918,0.024933452704847068,0.45350601487249476,0.009542778166052208,2.2106491214246455,0.018054242303224066,0.2072717666799244,0.001842493133923523,7.0028503663639565,0.02805476831406792
8800.0,0.16290310080261905,0.002204344945490232,6.152111587250854,0.030628310073184627,0.12001831228724903,6.154421249764475E-4,4.184678265248017,0.02503517090800052,0.22734371236559694,0.003740770966588794,4.435474370116592,0.02511062410716031,0.4519540694529571,0.009465257212402762,2.210837369353116,0.016602595794608606,0.20683391040423854,0.001851838975781938,7.002555536563123,0.026333294917300316
8900.0,0.16282055480285376,0.0020124297785486934,6.155751705260452,0.032029153334452984,0.11999555970952051,6.319406259018066E-4,4.187277157660107,0.027893377672820806,0.2280265053687313,0.0033395328099930137,4.4382269591726855,0.025496362858996258,0.45161623959701164,0.009546211603202839,2.2133512839696223,0.018092697962057213,0.20694477783587115,0.001971537103024523,7.0047508059699695,0.027487258156954936
9000.0,0.16359708378482568,0.0021527019446122516,6.1540629638517625,0.033863310698996334,0.11995826932271815,6.195414728663999E-4,4.1866540475396,0.025901817415411584,0.226463103485438,0.003500320272691884,4.4363545357269185,0.0254445524937613,0.4540630971371588,0.008623711280377953,2.212146532073086,0.016987516049334375,0.2071167862726864,0.0018644871561533266,7.004094302917047,0.029600011044100604
9100.0,0.1642875587509923,0.002277734932437663,6.152652392209669,0.03154726268951916,0.11995792446074863,6.459425077311778E-4,4.184683966816739,0.027058526808876063,0.22676068277550365,0.003416323298921838,4.436613647721257,0.025686074096093425,0.45353070750597574,0.008561846961274077,2.212387599514294,0.016807738458549413,0.20738352642082047,0.0018437682113675378,7.002866336000115,0.027153788915494526
9200.0,0.16268817221499862,0.0021628622423293235,6.151056375129072,0.03212843020761139,0.11998573432112083,5.946571527002915E-4,4.182617113291692,0.02649102781401258,0.22599226936480576,0.0035209499507925,4.433619847674382,0.025858622299085195,0.44889137273359037,0.008776460206919414,2.209262301623775,0.016167916481278282,0.20597621203428598,0.0017292281862352438,6.9992567887731445,0.02781877275002117
9300.0,0.16294423269106093,0.00216243524810285,6.152374606290626,0.031687404787935344,0.11994001155453478,6.517547270965445E-4,4.1827312335890605,0.026693701716853296,0.2252396222193694,0.0034331830625759637,4.436193547895759,0.02703458228351702,0.45424407818697693,0.008077055095719219,2.211988609403524,0.017408926537896708,0.2065836613872116,0.0016043786256010727,7.002717375230465,0.02863882163339141
9400.0,0.16371935437342816,0.002235560394628995,6.150408049684715,0.03150949706326168,0.12000040607501286,6.123392335225768E-4,4.17975560383745,0.02694387236091549,0.22759512388857603,0.0037752639924690965,4.433624740466533,0.027035226740562152,0.4513646654732042,0.00942382780881132,2.2117628495738257,0.017459258617937217,0.2071597681162832,0.0018777277181301,7.003499227430179,0.02870685169676969
9500.0,0.16302685694774705,0.001827022010254714,6.14931779594969,0.030555413334096386,0.12001430609010444,6.007145490343401E-4,4.178935394783195,0.02531939705103017,0.2250770805762686,0.003581514497395553,4.4323069106622475,0.02544138433310336,0.44699117017143464,0.008263372677368524,2.211635429441442,0.01701852858976977,0.20565704395958642,0.001787400214604633,7.0017093931277765,0.027092857318669582
9600.0,0.1642065164307796,0.0020718707314903795,6.150780583077366,0.03193403469620773,0.12002298213823641,5.985796128593118E-4,4.181149265070378,0.026324417851765272,0.22619915831226414,0.003488070210790537,4.435213178976017,0.02478235641414911,0.4528803396440717,0.007785420102410549,2.2111890071068148,0.01647170876678403,0.20713795350788222,0.0015846344040828671,7.005176250677894,0.029048467072548677
9700.0,0.16362729987359156,0.002132486630756546,6.1482443771360815,0.031645326611362476,0.11999274739269973,5.89564367495981E-4,4.179553406899345,0.026260228548450826,0.2239163255174567,0.003582261974962926,4.433729220856849,0.02490027315578874,0.4535108503032356,0.008839393926916423,2.211822751911273,0.016445756256572103,0.20645333516054648,0.001903352952167086,7.003066181417085,0.02791048759821391
9800.0,0.16221286334334123,0.0020024635046549935,6.151776499057305,0.031854844782092225,0.12007609425964699,5.955500515477258E-4,4.181397829174569,0.02523487082801875,0.22677958870699075,0.003480785005784645,4.435195304306635,0.02336366714311146,0.4517483911020095,0.008094742372385673,2.213581707298082,0.015672779366904872,0.20645593243428179,0.001593051008046675,7.005568098072808,0.02751910879216385
9900.0,0.1631345935096902,0.0019407545178462557,6.15219659708406,0.0307531090541641,0.1200748099312559,6.554414132973074E-4,4.181170289169662,0.025441388001223083,0.22498275545771904,0.0032762633786078362,4.434512640718401,0.024199278258138907,0.4553639763142048,0.00934679939012523,2.2104996035565216,0.01637220703561629,0.2067718958934082,0.0017358468161822827,7.003348959423342,0.028233529687070942
10000.0,0.16279501189098453,0.0021403399369591103,6.151307375280205,0.030977833444714237,0.12004422709737723,6.420492132935009E-4,4.179517523289662,0.025782124846769717,0.226361580519574,0.0036034023383226537,4.4326736003881,0.025303751759502915,0.4516096415876553,0.007868268760089586,2.2105348447352045,0.016115113989950497,0.2065104120893652,0.0016889592661246493,7.003920203296888,0.02692333269107987
